term,amount,date
coronavirus,329193,2020-05-08
covid,252701,2020-05-08
19,237600,2020-05-08
covid19,221482,2020-05-08
nan,63109,2020-05-08
amp,50585,2020-05-08
people,46475,2020-05-08
new,40282,2020-05-08
via,39420,2020-05-08
pandemic,39229,2020-05-08
trump,37893,2020-05-08
cases,35030,2020-05-08
us,34038,2020-05-08
virus,28734,2020-05-08
news,26009,2020-05-08
lockdown,25571,2020-05-08
get,24373,2020-05-08
deaths,23577,2020-05-08
one,23374,2020-05-08
like,23372,2020-05-08
may,22881,2020-05-08
health,21121,2020-05-08
positive,20178,2020-05-08
000,19866,2020-05-08
time,19474,2020-05-08
2020,19409,2020-05-08
covid_19,19189,2020-05-08
crisis,19033,2020-05-08
partisipasicegahcovid19,18979,2020-05-08
di,18834,2020-05-08
home,18477,2020-05-08
world,18334,2020-05-08
si,17721,2020-05-08
would,17601,2020-05-08
know,17340,2020-05-08
help,17269,2020-05-08
china,16999,2020-05-08
day,16746,2020-05-08
need,16733,2020-05-08
casos,16608,2020-05-08
could,16011,2020-05-08
da,15625,2020-05-08
state,14699,2020-05-08
test,14679,2020-05-08
death,14616,2020-05-08
go,14536,2020-05-08
today,14477,2020-05-08
dan,14388,2020-05-08
et,14314,2020-05-08
government,14250,2020-05-08
says,14122,2020-05-08
see,13960,2020-05-08
many,13850,2020-05-08
testing,13679,2020-05-08
il,13672,2020-05-08
due,13566,2020-05-08
realdonaldtrump,13563,2020-05-08
work,13561,2020-05-08
please,13515,2020-05-08
des,12952,2020-05-08
corona,12860,2020-05-08
per,12770,2020-05-08
die,12748,2020-05-08
still,12728,2020-05-08
stay,12704,2020-05-08
patients,12533,2020-05-08
even,12444,2020-05-08
tests,12392,2020-05-08
good,12293,2020-05-08
back,12258,2020-05-08
10,12039,2020-05-08
going,12024,2020-05-08
total,11911,2020-05-08
du,11740,2020-05-08
first,11706,2020-05-08
na,11536,2020-05-08
take,11491,2020-05-08
make,11473,2020-05-08
uk,11343,2020-05-08
pandemia,11259,2020-05-08
re,11183,2020-05-08
care,11171,2020-05-08
country,11134,2020-05-08
think,11043,2020-05-08
em,11035,2020-05-08
response,10928,2020-05-08
live,10807,2020-05-08
social,10795,2020-05-08
read,10737,2020-05-08
penyebaran,10615,2020-05-08
economy,10528,2020-05-08
tested,10368,2020-05-08
workers,10093,2020-05-08
well,10038,2020-05-08
est,10031,2020-05-08
president,9995,2020-05-08
also,9914,2020-05-08
right,9903,2020-05-08
spread,9894,2020-05-08
support,9761,2020-05-08
want,9705,2020-05-08
let,9646,2020-05-08
way,9632,2020-05-08
great,9561,2020-05-08
said,9482,2020-05-08
house,9473,2020-05-08
yang,9448,2020-05-08
public,9435,2020-05-08
com,9358,2020-05-08
dalam,9307,2020-05-08
india,9223,2020-05-08
pour,9206,2020-05-08
20,9184,2020-05-08
say,8976,2020-05-08
white,8974,2020-05-08
não,8969,2020-05-08
kita,8904,2020-05-08
times,8846,2020-05-08
video,8800,2020-05-08
safe,8665,2020-05-08
vaccine,8596,2020-05-08
the,8563,2020-05-08
latest,8473,2020-05-08
dr,8466,2020-05-08
hospital,8397,2020-05-08
pemerintah,8395,2020-05-08
really,8379,2020-05-08
daily,8364,2020-05-08
fight,8343,2020-05-08
much,8301,2020-05-08
must,8245,2020-05-08
states,8203,2020-05-08
business,8197,2020-05-08
year,8172,2020-05-08
look,8119,2020-05-08
pence,8118,2020-05-08
million,7911,2020-05-08
last,7907,2020-05-08
true,7904,2020-05-08
keep,7902,2020-05-08
days,7880,2020-05-08
data,7875,2020-05-08
every,7850,2020-05-08
youtube,7823,2020-05-08
media,7684,2020-05-08
week,7550,2020-05-08
update,7542,2020-05-08
post,7505,2020-05-08
come,7444,2020-05-08
impact,7434,2020-05-08
life,7415,2020-05-08
30,7387,2020-05-08
got,7357,2020-05-08
since,7335,2020-05-08
mask,7320,2020-05-08
global,7310,2020-05-08
gobierno,7280,2020-05-08
mais,7275,2020-05-08
americans,7230,2020-05-08
died,7197,2020-05-08
america,7168,2020-05-08
lives,7165,2020-05-08
non,7163,2020-05-08
24,7151,2020-05-08
stop,7134,2020-05-08
amid,7134,2020-05-08
real,7101,2020-05-08
thank,7090,2020-05-08
vía,7058,2020-05-08
two,7035,2020-05-08
eu,7012,2020-05-08
next,6995,2020-05-08
untuk,6914,2020-05-08
rate,6913,2020-05-08
une,6911,2020-05-08
check,6910,2020-05-08
number,6905,2020-05-08
open,6899,2020-05-08
pas,6884,2020-05-08
everyone,6883,2020-05-08
salud,6851,2020-05-08
never,6837,2020-05-08
dengan,6829,2020-05-08
plan,6789,2020-05-08
money,6765,2020-05-08
york,6685,2020-05-08
watch,6683,2020-05-08
face,6676,2020-05-08
outbreak,6643,2020-05-08
another,6637,2020-05-08
working,6634,2020-05-08
risk,6632,2020-05-08
au,6628,2020-05-08
14,6603,2020-05-08
around,6603,2020-05-08
free,6603,2020-05-08
masks,6565,2020-05-08
11,6497,2020-05-08
society,6486,2020-05-08
getting,6471,2020-05-08
masker,6464,2020-05-08
without,6454,2020-05-08
ser,6400,2020-05-08
report,6395,2020-05-08
país,6394,2020-05-08
app,6382,2020-05-08
twitter,6337,2020-05-08
hope,6322,2020-05-08
thanks,6320,2020-05-08
gt,6301,2020-05-08
case,6274,2020-05-08
usa,6206,2020-05-08
staff,6191,2020-05-08
man,6179,2020-05-08
um,6132,2020-05-08
use,6110,2020-05-08
family,6106,2020-05-08
made,6103,2020-05-08
give,6091,2020-05-08
quarantine,6061,2020-05-08
confirmed,6037,2020-05-08
roy,6021,2020-05-08
better,5964,2020-05-08
end,5927,2020-05-08
brasil,5899,2020-05-08
ca,5884,2020-05-08
mundo,5868,2020-05-08
future,5839,2020-05-08
food,5776,2020-05-08
long,5752,2020-05-08
gente,5700,2020-05-08
medical,5645,2020-05-08
personas,5643,2020-05-08
community,5642,2020-05-08
updates,5637,2020-05-08
years,5585,2020-05-08
away,5580,2020-05-08
unemployment,5566,2020-05-08
show,5558,2020-05-08
online,5558,2020-05-08
numbers,5526,2020-05-08
cuarentena,5525,2020-05-08
call,5495,2020-05-08
job,5475,2020-05-08
dans,5460,2020-05-08
economic,5459,2020-05-08
va,5447,2020-05-08
cegah,5422,2020-05-08
hoy,5402,2020-05-08
stayhome,5383,2020-05-08
méxico,5377,2020-05-08
100,5352,2020-05-08
dos,5347,2020-05-08
sur,5343,2020-05-08
part,5339,2020-05-08
jobs,5324,2020-05-08
muertes,5319,2020-05-08
friday,5304,2020-05-08
toll,5303,2020-05-08
article,5271,2020-05-08
best,5269,2020-05-08
done,5267,2020-05-08
countries,5230,2020-05-08
study,5212,2020-05-08
disease,5199,2020-05-08
qui,5156,2020-05-08
12,5155,2020-05-08
high,5106,2020-05-08
bagi,5105,2020-05-08
april,5104,2020-05-08
believe,5103,2020-05-08
yet,5085,2020-05-08
reopening,5080,2020-05-08
big,5077,2020-05-08
city,5070,2020-05-08
find,5054,2020-05-08
15,5049,2020-05-08
infected,5041,2020-05-08
ve,5034,2020-05-08
contact,5032,2020-05-08
county,5022,2020-05-08
love,5009,2020-05-08
god,5003,2020-05-08
españa,4989,2020-05-08
children,4987,2020-05-08
thing,4986,2020-05-08
che,4975,2020-05-08
casa,4971,2020-05-08
in,4970,2020-05-08
plus,4969,2020-05-08
ne,4941,2020-05-08
old,4902,2020-05-08
important,4901,2020-05-08
information,4879,2020-05-08
distancing,4876,2020-05-08
might,4859,2020-05-08
ahora,4825,2020-05-08
top,4824,2020-05-08
día,4821,2020-05-08
to,4805,2020-05-08
relief,4773,2020-05-08
restrictions,4764,2020-05-08
lost,4760,2020-05-08
needs,4747,2020-05-08
protect,4744,2020-05-08
things,4740,2020-05-08
weeks,4740,2020-05-08
far,4736,2020-05-08
harus,4729,2020-05-08
govt,4715,2020-05-08
mayo,4700,2020-05-08
reported,4696,2020-05-08
sure,4685,2020-05-08
join,4680,2020-05-08
mudik,4675,2020-05-08
making,4671,2020-05-08
doctors,4664,2020-05-08
solo,4656,2020-05-08
found,4650,2020-05-08
75,4647,2020-05-08
already,4641,2020-05-08
national,4635,2020-05-08
businesses,4632,2020-05-08
dead,4628,2020-05-08
treatment,4614,2020-05-08
anyone,4609,2020-05-08
mas,4593,2020-05-08
presidente,4590,2020-05-08
change,4584,2020-05-08
mil,4582,2020-05-08
local,4560,2020-05-08
put,4542,2020-05-08
कर,4540,2020-05-08
coming,4533,2020-05-08
story,4513,2020-05-08
bad,4487,2020-05-08
africa,4466,2020-05-08
start,4442,2020-05-08
flu,4433,2020-05-08
coronavírus,4424,2020-05-08
full,4417,2020-05-08
reports,4409,2020-05-08
months,4380,2020-05-08
personal,4375,2020-05-08
homes,4369,2020-05-08
situation,4357,2020-05-08
ever,4356,2020-05-08
control,4350,2020-05-08
ce,4339,2020-05-08
oh,4325,2020-05-08
nuevos,4317,2020-05-08
person,4312,2020-05-08
chinese,4305,2020-05-08
rt,4298,2020-05-08
reopen,4295,2020-05-08
someone,4288,2020-05-08
american,4257,2020-05-08
france,4239,2020-05-08
share,4214,2020-05-08
service,4212,2020-05-08
europe,4212,2020-05-08
gov,4202,2020-05-08
others,4197,2020-05-08
rel,4176,2020-05-08
href,4172,2020-05-08
follow,4166,2020-05-08
nofollow,4163,2020-05-08
bien,4159,2020-05-08
así,4143,2020-05-08
towards,4139,2020-05-08
research,4134,2020-05-08
hit,4128,2020-05-08
cnn,4120,2020-05-08
something,4119,2020-05-08
place,4102,2020-05-08
across,4099,2020-05-08
using,4097,2020-05-08
05,4095,2020-05-08
van,4081,2020-05-08
hard,4032,2020-05-08
market,4031,2020-05-08
and,4019,2020-05-08
sa,4013,2020-05-08
cashless,4005,2020-05-08
par,3990,2020-05-08
war,3989,2020-05-08
together,3981,2020-05-08
medidas,3979,2020-05-08
taking,3972,2020-05-08
der,3971,2020-05-08
miller,3956,2020-05-08
pay,3955,2020-05-08
learn,3950,2020-05-08
muertos,3947,2020-05-08
recovery,3944,2020-05-08
press,3943,2020-05-08
puede,3938,2020-05-08
continue,3916,2020-05-08
yes,3913,2020-05-08
tell,3905,2020-05-08
adalah,3901,2020-05-08
enough,3897,2020-05-08
team,3893,2020-05-08
bill,3888,2020-05-08
pm,3886,2020-05-08
breaking,3886,2020-05-08
trying,3878,2020-05-08
50,3874,2020-05-08
healthcare,3868,2020-05-08
human,3865,2020-05-08
fase,3853,2020-05-08
dies,3845,2020-05-08
month,3844,2020-05-08
normal,3840,2020-05-08
je,3823,2020-05-08
link,3806,2020-05-08
order,3803,2020-05-08
nothing,3796,2020-05-08
uma,3782,2020-05-08
soon,3764,2020-05-08
contagios,3749,2020-05-08
ir,3736,2020-05-08
point,3728,2020-05-08
recovered,3728,2020-05-08
wuhan,3723,2020-05-08
black,3712,2020-05-08
08,3703,2020-05-08
hacer,3701,2020-05-08
pacientes,3696,2020-05-08
पर,3695,2020-05-08
das,3685,2020-05-08
system,3681,2020-05-08
always,3654,2020-05-08
related,3649,2020-05-08
cdc,3640,2020-05-08
no,3623,2020-05-08
mencegah,3613,2020-05-08
lot,3611,2020-05-08
indonesia,3602,2020-05-08
fake,3599,2020-05-08
jangan,3598,2020-05-08
hospitals,3591,2020-05-08
disiplin,3591,2020-05-08
feel,3584,2020-05-08
south,3567,2020-05-08
experts,3566,2020-05-08
families,3556,2020-05-08
nursing,3550,2020-05-08
drug,3549,2020-05-08
tem,3547,2020-05-08
ppe,3531,2020-05-08
wear,3530,2020-05-08
infection,3528,2020-05-08
population,3525,2020-05-08
measures,3523,2020-05-08
ai,3522,2020-05-08
caso,3517,2020-05-08
maybe,3516,2020-05-08
ver,3509,2020-05-08
saying,3501,2020-05-08
california,3493,2020-05-08
covidー19,3483,2020-05-08
close,3475,2020-05-08
partisipasi,3472,2020-05-08
रह,3466,2020-05-08
save,3458,2020-05-08
dying,3449,2020-05-08
travel,3441,2020-05-08
memutuskan,3440,2020-05-08
symptoms,3439,2020-05-08
sick,3434,2020-05-08
cause,3425,2020-05-08
masa,3422,2020-05-08
mortes,3422,2020-05-08
ll,3420,2020-05-08
gop,3417,2020-05-08
extendlockdown,3417,2020-05-08
menggunakan,3417,2020-05-08
quedateencasa,3413,2020-05-08
jesus,3398,2020-05-08
shit,3391,2020-05-08
highest,3391,2020-05-08
governor,3383,2020-05-08
cómo,3382,2020-05-08
federal,3372,2020-05-08
bolsonaro,3364,2020-05-08
25,3362,2020-05-08
gates,3362,2020-05-08
it,3359,2020-05-08
ini,3358,2020-05-08
small,3352,2020-05-08
women,3346,2020-05-08
less,3343,2020-05-08
become,3343,2020-05-08
emergency,3342,2020-05-08
science,3328,2020-05-08
13,3327,2020-05-08
kebijakan,3326,2020-05-08
second,3323,2020-05-08
ou,3320,2020-05-08
truth,3317,2020-05-08
everything,3312,2020-05-08
students,3311,2020-05-08
de,3311,2020-05-08
info,3304,2020-05-08
besar,3303,2020-05-08
three,3302,2020-05-08
possible,3294,2020-05-08
und,3273,2020-05-08
administration,3273,2020-05-08
likely,3268,2020-05-08
hi,3267,2020-05-08
police,3264,2020-05-08
membantu,3263,2020-05-08
positivo,3252,2020-05-08
madrid,3252,2020-05-08
gracias,3248,2020-05-08
web,3242,2020-05-08
safety,3239,2020-05-08
kill,3236,2020-05-08
hear,3234,2020-05-08
mayor,3231,2020-05-08
actually,3229,2020-05-08
pada,3226,2020-05-08
pandemi,3218,2020-05-08
nigeria,3214,2020-05-08
australia,3200,2020-05-08
wrong,3197,2020-05-08
little,3189,2020-05-08
doctor,3184,2020-05-08
spoke,3181,2020-05-08
vous,3180,2020-05-08
aquí,3178,2020-05-08
bbc,3175,2020-05-08
of,3167,2020-05-08
employees,3164,2020-05-08
early,3163,2020-05-08
industry,3160,2020-05-08
looking,3154,2020-05-08
used,3149,2020-05-08
services,3144,2020-05-08
rumah,3138,2020-05-08
nation,3129,2020-05-08
shows,3125,2020-05-08
warga,3114,2020-05-08
including,3107,2020-05-08
school,3107,2020-05-08
menos,3106,2020-05-08
menjalankan,3095,2020-05-08
semen,3089,2020-05-08
thought,3089,2020-05-08
scientists,3081,2020-05-08
mean,3079,2020-05-08
donald,3074,2020-05-08
current,3073,2020-05-08
gets,3069,2020-05-08
essential,3066,2020-05-08
thousands,3063,2020-05-08
18,3060,2020-05-08
least,3056,2020-05-08
00,3041,2020-05-08
और,3040,2020-05-08
canada,3038,2020-05-08
nhs,3034,2020-05-08
blood,3031,2020-05-08
16,3017,2020-05-08
officials,3017,2020-05-08
asn,3007,2020-05-08
hace,3003,2020-05-08
dari,2998,2020-05-08
mike,2998,2020-05-08
different,2994,2020-05-08
datos,2993,2020-05-08
we,2991,2020-05-08
millions,2987,2020-05-08
días,2971,2020-05-08
makes,2962,2020-05-08
pra,2960,2020-05-08
cada,2960,2020-05-08
told,2959,2020-05-08
fuck,2957,2020-05-08
confirmados,2956,2020-05-08
melindungi,2955,2020-05-08
men,2950,2020-05-08
sir,2948,2020-05-08
return,2946,2020-05-08
digital,2944,2020-05-08
anything,2941,2020-05-08
horn,2936,2020-05-08
remember,2933,2020-05-08
etc,2932,2020-05-08
fallecidos,2929,2020-05-08
act,2922,2020-05-08
leadership,2919,2020-05-08
40,2910,2020-05-08
qu,2908,2020-05-08
based,2903,2020-05-08
fighting,2903,2020-05-08
worst,2898,2020-05-08
march,2896,2020-05-08
conspiracy,2896,2020-05-08
seen,2895,2020-05-08
italy,2884,2020-05-08
nuevo,2866,2020-05-08
patient,2865,2020-05-08
mental,2865,2020-05-08
this,2860,2020-05-08
rules,2859,2020-05-08
worse,2856,2020-05-08
staysafe,2854,2020-05-08
despite,2852,2020-05-08
vida,2851,2020-05-08
nytimes,2847,2020-05-08
sad,2841,2020-05-08
office,2839,2020-05-08
kids,2838,2020-05-08
hours,2835,2020-05-08
avec,2834,2020-05-08
wo,2830,2020-05-08
available,2829,2020-05-08
advice,2828,2020-05-08
fact,2828,2020-05-08
past,2828,2020-05-08
air,2820,2020-05-08
minister,2820,2020-05-08
means,2817,2020-05-08
increase,2817,2020-05-08
nous,2815,2020-05-08
line,2813,2020-05-08
mai,2812,2020-05-08
left,2807,2020-05-08
cuomo,2800,2020-05-08
siegfried,2793,2020-05-08
vp,2792,2020-05-08
maskermu,2788,2020-05-08
force,2768,2020-05-08
group,2766,2020-05-08
bible,2766,2020-05-08
sign,2763,2020-05-08
ago,2762,2020-05-08
understand,2751,2020-05-08
cure,2747,2020-05-08
question,2745,2020-05-08
questions,2738,2020-05-08
ao,2737,2020-05-08
fear,2731,2020-05-08
17,2729,2020-05-08
talk,2725,2020-05-08
información,2722,2020-05-08
pruebas,2721,2020-05-08
whole,2719,2020-05-08
provide,2718,2020-05-08
behind,2717,2020-05-08
número,2715,2020-05-08
ke,2713,2020-05-08
virtual,2713,2020-05-08
sars,2711,2020-05-08
according,2709,2020-05-08
united,2708,2020-05-08
demand,2707,2020-05-08
2019,2704,2020-05-08
party,2704,2020-05-08
rest,2704,2020-05-08
argentina,2698,2020-05-08
low,2694,2020-05-08
el,2689,2020-05-08
friends,2687,2020-05-08
wearing,2684,2020-05-08
self,2681,2020-05-08
pakai,2680,2020-05-08
wait,2679,2020-05-08
años,2676,2020-05-08
else,2669,2020-05-08
age,2665,2020-05-08
closed,2658,2020-05-08
leaders,2658,2020-05-08
power,2658,2020-05-08
webinar,2655,2020-05-08
tracing,2654,2020-05-08
action,2653,2020-05-08
infections,2651,2020-05-08
visit,2646,2020-05-08
play,2643,2020-05-08
tweet,2640,2020-05-08
idea,2638,2020-05-08
needed,2626,2020-05-08
dice,2625,2020-05-08
la,2623,2020-05-08
dia,2621,2020-05-08
rise,2620,2020-05-08
almost,2618,2020-05-08
level,2617,2020-05-08
citizens,2615,2020-05-08
60,2612,2020-05-08
oms,2612,2020-05-08
claims,2611,2020-05-08
primer,2605,2020-05-08
called,2602,2020-05-08
tetap,2599,2020-05-08
able,2596,2020-05-08
key,2594,2020-05-08
cara,2580,2020-05-08
anti,2576,2020-05-08
31,2575,2020-05-08
millones,2569,2020-05-08
front,2569,2020-05-08
at,2569,2020-05-08
mexico,2568,2020-05-08
morning,2567,2020-05-08
het,2565,2020-05-08
yesterday,2562,2020-05-08
wants,2554,2020-05-08
instead,2554,2020-05-08
vai,2552,2020-05-08
potus,2552,2020-05-08
positivos,2546,2020-05-08
horas,2538,2020-05-08
seems,2538,2020-05-08
all,2535,2020-05-08
on,2533,2020-05-08
500,2531,2020-05-08
contagio,2531,2020-05-08
communities,2526,2020-05-08
ask,2521,2020-05-08
fucking,2518,2020-05-08
ok,2514,2020-05-08
plandemic,2512,2020-05-08
problem,2512,2020-05-08
set,2511,2020-05-08
living,2511,2020-05-08
members,2510,2020-05-08
reason,2508,2020-05-08
policy,2508,2020-05-08
keluar,2507,2020-05-08
vote,2501,2020-05-08
coronaviruspandemic,2499,2020-05-08
wow,2496,2020-05-08
ny,2492,2020-05-08
general,2488,2020-05-08
democrats,2485,2020-05-08
frente,2484,2020-05-08
bank,2483,2020-05-08
deal,2483,2020-05-08
cifras,2483,2020-05-08
setiap,2483,2020-05-08
affected,2482,2020-05-08
ayo,2479,2020-05-08
darurat,2477,2020-05-08
lagos,2476,2020-05-08
financial,2465,2020-05-08
poor,2459,2020-05-08
source,2458,2020-05-08
facebook,2453,2020-05-08
especially,2449,2020-05-08
hate,2448,2020-05-08
political,2448,2020-05-08
special,2444,2020-05-08
law,2439,2020-05-08
efforts,2433,2020-05-08
given,2432,2020-05-08
interesting,2432,2020-05-08
companies,2431,2020-05-08
secretary,2430,2020-05-08
fauci,2429,2020-05-08
looks,2424,2020-05-08
26,2416,2020-05-08
listen,2412,2020-05-08
evidence,2406,2020-05-08
hands,2402,2020-05-08
já,2399,2020-05-08
sense,2398,2020-05-08
mal,2398,2020-05-08
spreading,2397,2020-05-08
nyc,2396,2020-05-08
wajib,2394,2020-05-08
results,2393,2020-05-08
vez,2393,2020-05-08
hoax,2385,2020-05-08
capital,2384,2020-05-08
came,2383,2020-05-08
cas,2380,2020-05-08
stayathome,2380,2020-05-08
residents,2376,2020-05-08
happen,2372,2020-05-08
trumpdepression,2368,2020-05-08
ready,2365,2020-05-08
wave,2365,2020-05-08
vulnerable,2362,2020-05-08
happy,2361,2020-05-08
started,2361,2020-05-08
among,2360,2020-05-08
record,2359,2020-05-08
pessoas,2356,2020-05-08
en,2356,2020-05-08
sector,2355,2020-05-08
mejor,2353,2020-05-08
guidelines,2344,2020-05-08
joko,2344,2020-05-08
issues,2343,2020-05-08
hey,2343,2020-05-08
republik,2333,2020-05-08
move,2332,2020-05-08
21,2331,2020-05-08
helping,2328,2020-05-08
you,2326,2020-05-08
penanganan,2322,2020-05-08
नह,2319,2020-05-08
widodopresiden,2318,2020-05-08
taken,2315,2020-05-08
chief,2305,2020-05-08
sont,2305,2020-05-08
higher,2302,2020-05-08
plans,2298,2020-05-08
stupid,2298,2020-05-08
pelarangan,2296,2020-05-08
congress,2295,2020-05-08
ways,2294,2020-05-08
lol,2290,2020-05-08
parte,2287,2020-05-08
lead,2287,2020-05-08
history,2284,2020-05-08
bring,2280,2020-05-08
critical,2278,2020-05-08
red,2276,2020-05-08
negative,2272,2020-05-08
giving,2272,2020-05-08
education,2265,2020-05-08
issue,2264,2020-05-08
buy,2262,2020-05-08
florida,2261,2020-05-08
nurses,2260,2020-05-08
opening,2259,2020-05-08
details,2258,2020-05-08
fund,2255,2020-05-08
run,2252,2020-05-08
vamos,2247,2020-05-08
course,2244,2020-05-08
noticias,2244,2020-05-08
is,2243,2020-05-08
date,2242,2020-05-08
probably,2234,2020-05-08
try,2231,2020-05-08
comes,2229,2020-05-08
lab,2222,2020-05-08
só,2213,2020-05-08
russia,2213,2020-05-08
bersama,2205,2020-05-08
for,2205,2020-05-08
though,2204,2020-05-08
fin,2203,2020-05-08
isso,2201,2020-05-08
access,2198,2020-05-08
forward,2193,2020-05-08
following,2192,2020-05-08
trabajo,2188,2020-05-08
gran,2187,2020-05-08
department,2186,2020-05-08
vice,2185,2020-05-08
indian,2181,2020-05-08
event,2179,2020-05-08
schools,2178,2020-05-08
immunity,2170,2020-05-08
nueva,2168,2020-05-08
message,2166,2020-05-08
caused,2164,2020-05-08
penularan,2163,2020-05-08
nearly,2162,2020-05-08
crise,2161,2020-05-08
click,2160,2020-05-08
single,2148,2020-05-08
mother,2145,2020-05-08
talking,2140,2020-05-08
blame,2137,2020-05-08
masques,2134,2020-05-08
security,2133,2020-05-08
situación,2129,2020-05-08
stephen,2126,2020-05-08
bisa,2125,2020-05-08
heart,2123,2020-05-08
election,2121,2020-05-08
aux,2120,2020-05-08
blog,2119,2020-05-08
tras,2118,2020-05-08
tan,2111,2020-05-08
gato,2100,2020-05-08
ça,2099,2020-05-08
un,2098,2020-05-08
orders,2095,2020-05-08
shut,2094,2020-05-08
isolation,2094,2020-05-08
step,2093,2020-05-08
continues,2091,2020-05-08
contre,2090,2020-05-08
italia,2090,2020-05-08
novel,2088,2020-05-08
coronavirusoutbreak,2079,2020-05-08
killed,2078,2020-05-08
healthy,2076,2020-05-08
wonder,2075,2020-05-08
resources,2075,2020-05-08
são,2072,2020-05-08
body,2071,2020-05-08
reporting,2071,2020-05-08
company,2070,2020-05-08
viernes,2069,2020-05-08
hlgatell,2068,2020-05-08
tv,2067,2020-05-08
gon,2065,2020-05-08
wife,2064,2020-05-08
term,2063,2020-05-08
goes,2062,2020-05-08
whitehouse,2061,2020-05-08
confinement,2059,2020-05-08
tiempos,2055,2020-05-08
half,2053,2020-05-08
gives,2053,2020-05-08
ont,2050,2020-05-08
false,2048,2020-05-08
yg,2046,2020-05-08
200,2044,2020-05-08
ones,2031,2020-05-08
moment,2028,2020-05-08
international,2028,2020-05-08
meat,2024,2020-05-08
vacuna,2018,2020-05-08
favor,2016,2020-05-08
thread,2015,2020-05-08
calls,2015,2020-05-08
aid,2014,2020-05-08
socialdistancing,2011,2020-05-08
valet,2010,2020-05-08
momento,2005,2020-05-08
exposed,2003,2020-05-08
outside,2000,2020-05-08
siempre,1994,2020-05-08
80,1993,2020-05-08
hai,1989,2020-05-08
official,1987,2020-05-08
semana,1986,2020-05-08
rates,1982,2020-05-08
países,1978,2020-05-08
san,1975,2020-05-08
hand,1970,2020-05-08
member,1970,2020-05-08
im,1963,2020-05-08
active,1963,2020-05-08
leader,1962,2020-05-08
child,1955,2020-05-08
vs,1951,2020-05-08
matter,1951,2020-05-08
june,1948,2020-05-08
game,1947,2020-05-08
levels,1946,2020-05-08
tener,1945,2020-05-08
narendramodi,1941,2020-05-08
thinking,1940,2020-05-08
proud,1934,2020-05-08
pakistan,1929,2020-05-08
serious,1929,2020-05-08
prevent,1928,2020-05-08
29,1927,2020-05-08
center,1925,2020-05-08
viral,1918,2020-05-08
clear,1918,2020-05-08
survey,1914,2020-05-08
evitar,1911,2020-05-08
area,1911,2020-05-08
della,1907,2020-05-08
allowed,1906,2020-05-08
co,1906,2020-05-08
took,1905,2020-05-08
importante,1903,2020-05-08
went,1902,2020-05-08
después,1897,2020-05-08
katie,1897,2020-05-08
list,1895,2020-05-08
technology,1894,2020-05-08
lies,1893,2020-05-08
battle,1893,2020-05-08
médicos,1892,2020-05-08
weekend,1891,2020-05-08
hell,1890,2020-05-08
entire,1889,2020-05-08
ist,1888,2020-05-08
donate,1888,2020-05-08
reality,1886,2020-05-08
name,1885,2020-05-08
asked,1885,2020-05-08
lockdowns,1882,2020-05-08
announced,1880,2020-05-08
completely,1878,2020-05-08
korea,1877,2020-05-08
class,1875,2020-05-08
hydroxychloroquine,1875,2020-05-08
guess,1874,2020-05-08
dangerous,1873,2020-05-08
रत,1871,2020-05-08
worldwide,1870,2020-05-08
infectados,1869,2020-05-08
trust,1865,2020-05-08
guys,1864,2020-05-08
coronavirus,328761,2020-04-24
covid,193133,2020-04-24
19,184007,2020-04-24
covid19,180292,2020-04-24
nan,82156,2020-04-24
trump,75936,2020-04-24
people,47325,2020-04-24
amp,44742,2020-04-24
via,38458,2020-04-24
us,33600,2020-04-24
new,33565,2020-04-24
pandemic,32616,2020-04-24
news,26199,2020-04-24
cases,25775,2020-04-24
virus,24987,2020-04-24
disinfectant,24421,2020-04-24
like,24197,2020-04-24
realdonaldtrump,22272,2020-04-24
one,21898,2020-04-24
get,21757,2020-04-24
lockdown,19682,2020-04-24
time,19672,2020-04-24
president,19316,2020-04-24
world,19036,2020-04-24
help,18990,2020-04-24
crisis,18621,2020-04-24
health,18518,2020-04-24
would,18371,2020-04-24
000,17905,2020-04-24
deaths,17899,2020-04-24
could,17674,2020-04-24
know,17464,2020-04-24
china,17202,2020-04-24
need,16636,2020-04-24
please,16588,2020-04-24
si,16311,2020-04-24
di,16035,2020-04-24
et,15710,2020-04-24
2020,15616,2020-04-24
covid_19,15225,2020-04-24
il,14916,2020-04-24
home,14755,2020-04-24
see,14618,2020-04-24
24,14446,2020-04-24
may,14414,2020-04-24
des,14062,2020-04-24
death,13556,2020-04-24
patients,13554,2020-04-24
good,13510,2020-04-24
said,13418,2020-04-24
du,13120,2020-04-24
says,12754,2020-04-24
today,12666,2020-04-24
go,12658,2020-04-24
cure,12631,2020-04-24
work,12582,2020-04-24
even,12292,2020-04-24
take,12259,2020-04-24
bleach,12076,2020-04-24
day,11908,2020-04-24
injecting,11896,2020-04-24
think,11851,2020-04-24
corona,11777,2020-04-24
first,11692,2020-04-24
state,11682,2020-04-24
government,11675,2020-04-24
say,11565,2020-04-24
many,11509,2020-04-24
make,11476,2020-04-24
est,11406,2020-04-24
going,11355,2020-04-24
casos,11241,2020-04-24
test,11215,2020-04-24
die,11194,2020-04-24
due,11083,2020-04-24
per,10871,2020-04-24
back,10788,2020-04-24
the,10724,2020-04-24
still,10702,2020-04-24
right,10515,2020-04-24
support,10513,2020-04-24
live,10509,2020-04-24
dr,10441,2020-04-24
da,10426,2020-04-24
pour,10295,2020-04-24
well,10250,2020-04-24
let,10227,2020-04-24
fight,10146,2020-04-24
testing,10077,2020-04-24
also,10040,2020-04-24
country,9978,2020-04-24
really,9967,2020-04-24
kill,9908,2020-04-24
read,9889,2020-04-24
re,9772,2020-04-24
50,9712,2020-04-24
total,9697,2020-04-24
way,9692,2020-04-24
stay,9680,2020-04-24
treatment,9542,2020-04-24
na,9504,2020-04-24
care,9304,2020-04-24
light,9241,2020-04-24
vaccine,9222,2020-04-24
man,9086,2020-04-24
lysol,9041,2020-04-24
workers,8992,2020-04-24
stop,8969,2020-04-24
social,8932,2020-04-24
april,8888,2020-04-24
uk,8881,2020-04-24
response,8876,2020-04-24
want,8853,2020-04-24
medical,8732,2020-04-24
pandemia,8716,2020-04-24
india,8684,2020-04-24
inject,8674,2020-04-24
great,8632,2020-04-24
10,8417,2020-04-24
positive,8346,2020-04-24
latest,8211,2020-04-24
spread,8193,2020-04-24
use,8172,2020-04-24
daily,8076,2020-04-24
look,8036,2020-04-24
media,8026,2020-04-24
much,7942,2020-04-24
times,7917,2020-04-24
states,7854,2020-04-24
thank,7830,2020-04-24
public,7813,2020-04-24
business,7776,2020-04-24
hospital,7747,2020-04-24
disinfectants,7682,2020-04-24
outbreak,7625,2020-04-24
pas,7597,2020-04-24
come,7542,2020-04-24
week,7536,2020-04-24
life,7528,2020-04-24
video,7519,2020-04-24
must,7425,2020-04-24
every,7389,2020-04-24
donald,7320,2020-04-24
americans,7318,2020-04-24
america,7295,2020-04-24
last,7212,2020-04-24
got,7178,2020-04-24
days,7163,2020-04-24
keep,7153,2020-04-24
true,7138,2020-04-24
tests,7123,2020-04-24
youtube,7064,2020-04-24
real,6958,2020-04-24
non,6917,2020-04-24
global,6898,2020-04-24
free,6865,2020-04-24
data,6812,2020-04-24
face,6803,2020-04-24
post,6786,2020-04-24
thanks,6746,2020-04-24
body,6717,2020-04-24
au,6708,2020-04-24
une,6705,2020-04-24
update,6684,2020-04-24
never,6661,2020-04-24
year,6659,2020-04-24
usa,6630,2020-04-24
doctors,6630,2020-04-24
vía,6581,2020-04-24
economy,6477,2020-04-24
everyone,6460,2020-04-24
to,6427,2020-04-24
20,6418,2020-04-24
watch,6334,2020-04-24
safe,6320,2020-04-24
died,6313,2020-04-24
working,6309,2020-04-24
next,6301,2020-04-24
check,6235,2020-04-24
another,6208,2020-04-24
god,6199,2020-04-24
experts,6196,2020-04-24
lives,6190,2020-04-24
house,6164,2020-04-24
sur,6152,2020-04-24
give,6145,2020-04-24
relief,6122,2020-04-24
amid,6111,2020-04-24
money,6095,2020-04-24
uv,6090,2020-04-24
ca,6063,2020-04-24
believe,6059,2020-04-24
dangerous,6046,2020-04-24
hope,6005,2020-04-24
number,5985,2020-04-24
made,5948,2020-04-24
ramadan,5947,2020-04-24
end,5944,2020-04-24
gt,5910,2020-04-24
around,5898,2020-04-24
twitter,5896,2020-04-24
better,5895,2020-04-24
love,5828,2020-04-24
plan,5790,2020-04-24
idea,5786,2020-04-24
suggests,5773,2020-04-24
dans,5751,2020-04-24
using,5741,2020-04-24
long,5700,2020-04-24
mais,5681,2020-04-24
case,5631,2020-04-24
million,5603,2020-04-24
com,5587,2020-04-24
gobierno,5584,2020-04-24
stayhome,5583,2020-04-24
york,5554,2020-04-24
month,5543,2020-04-24
best,5529,2020-04-24
thing,5521,2020-04-24
food,5521,2020-04-24
stupid,5505,2020-04-24
family,5493,2020-04-24
in,5469,2020-04-24
online,5453,2020-04-24
getting,5445,2020-04-24
two,5403,2020-04-24
open,5391,2020-04-24
might,5391,2020-04-24
since,5389,2020-04-24
qui,5387,2020-04-24
needs,5377,2020-04-24
article,5365,2020-04-24
app,5359,2020-04-24
human,5354,2020-04-24
em,5340,2020-04-24
salud,5332,2020-04-24
something,5327,2020-04-24
cnn,5309,2020-04-24
show,5304,2020-04-24
ever,5290,2020-04-24
ser,5212,2020-04-24
30,5194,2020-04-24
confirmed,5190,2020-04-24
ve,5178,2020-04-24
dan,5173,2020-04-24
risk,5167,2020-04-24
quarantine,5162,2020-04-24
eu,5135,2020-04-24
toll,5121,2020-04-24
group,5119,2020-04-24
impact,5087,2020-04-24
personas,5062,2020-04-24
already,5061,2020-04-24
things,5060,2020-04-24
país,5051,2020-04-24
call,5028,2020-04-24
100,5019,2020-04-24
updates,5003,2020-04-24
actually,5002,2020-04-24
ce,5001,2020-04-24
study,4999,2020-04-24
society,4980,2020-04-24
sure,4957,2020-04-24
report,4949,2020-04-24
put,4943,2020-04-24
yet,4939,2020-04-24
anyone,4936,2020-04-24
find,4928,2020-04-24
part,4904,2020-04-24
someone,4902,2020-04-24
tested,4897,2020-04-24
done,4885,2020-04-24
businesses,4881,2020-04-24
story,4873,2020-04-24
plus,4864,2020-04-24
hoy,4834,2020-04-24
12,4829,2020-04-24
va,4811,2020-04-24
community,4795,2020-04-24
big,4769,2020-04-24
tell,4765,2020-04-24
mundo,4723,2020-04-24
try,4723,2020-04-24
potus,4717,2020-04-24
job,4701,2020-04-24
team,4698,2020-04-24
person,4695,2020-04-24
information,4686,2020-04-24
casa,4675,2020-04-24
without,4674,2020-04-24
gente,4668,2020-04-24
treat,4657,2020-04-24
ne,4636,2020-04-24
doctor,4625,2020-04-24
fake,4620,2020-04-24
and,4608,2020-04-24
making,4606,2020-04-24
briefing,4600,2020-04-24
não,4580,2020-04-24
23,4571,2020-04-24
enough,4560,2020-04-24
oh,4541,2020-04-24
american,4535,2020-04-24
this,4524,2020-04-24
bill,4523,2020-04-24
of,4504,2020-04-24
white,4498,2020-04-24
trying,4494,2020-04-24
science,4486,2020-04-24
years,4484,2020-04-24
away,4478,2020-04-24
disease,4438,2020-04-24
countries,4428,2020-04-24
che,4426,2020-04-24
top,4424,2020-04-24
important,4410,2020-04-24
par,4381,2020-04-24
weeks,4379,2020-04-24
11,4372,2020-04-24
bbc,4365,2020-04-24
je,4359,2020-04-24
protect,4351,2020-04-24
far,4340,2020-04-24
friday,4338,2020-04-24
saying,4337,2020-04-24
yes,4336,2020-04-24
maybe,4309,2020-04-24
future,4282,2020-04-24
govt,4259,2020-04-24
save,4256,2020-04-24
dead,4254,2020-04-24
15,4251,2020-04-24
masks,4233,2020-04-24
old,4227,2020-04-24
sa,4226,2020-04-24
change,4224,2020-04-24
día,4195,2020-04-24
leader,4174,2020-04-24
small,4158,2020-04-24
follow,4127,2020-04-24
high,4123,2020-04-24
cuarentena,4123,2020-04-24
research,4118,2020-04-24
presidente,4110,2020-04-24
rate,4092,2020-04-24
start,4090,2020-04-24
used,4086,2020-04-24
point,4077,2020-04-24
france,4062,2020-04-24
thought,4033,2020-04-24
press,4031,2020-04-24
it,4023,2020-04-24
advice,4020,2020-04-24
together,4003,2020-04-24
van,3990,2020-04-24
county,3982,2020-04-24
flu,3979,2020-04-24
de,3975,2020-04-24
shit,3969,2020-04-24
bad,3966,2020-04-24
der,3963,2020-04-24
hospitals,3940,2020-04-24
nuevos,3926,2020-04-24
hit,3922,2020-04-24
staff,3921,2020-04-24
taking,3911,2020-04-24
así,3891,2020-04-24
possible,3888,2020-04-24
04,3873,2020-04-24
distancing,3871,2020-04-24
covidー19,3863,2020-04-24
pay,3862,2020-04-24
join,3850,2020-04-24
reported,3846,2020-04-24
drink,3842,2020-04-24
city,3827,2020-04-24
hard,3819,2020-04-24
infected,3805,2020-04-24
order,3795,2020-04-24
solo,3793,2020-04-24
fucking,3789,2020-04-24
numbers,3788,2020-04-24
25,3780,2020-04-24
sunlight,3778,2020-04-24
rt,3768,2020-04-24
bien,3743,2020-04-24
economic,3740,2020-04-24
pm,3739,2020-04-24
always,3735,2020-04-24
local,3735,2020-04-24
control,3709,2020-04-24
national,3689,2020-04-24
wrong,3678,2020-04-24
leaders,3650,2020-04-24
healthcare,3646,2020-04-24
share,3646,2020-04-24
nothing,3640,2020-04-24
place,3634,2020-04-24
emergency,3631,2020-04-24
ll,3625,2020-04-24
mask,3621,2020-04-24
anything,3618,2020-04-24
listen,3613,2020-04-24
ahora,3611,2020-04-24
href,3599,2020-04-24
rel,3599,2020-04-24
across,3597,2020-04-24
vous,3594,2020-04-24
situation,3592,2020-04-24
dos,3586,2020-04-24
nofollow,3585,2020-04-24
comments,3585,2020-04-24
कर,3585,2020-04-24
um,3568,2020-04-24
fact,3568,2020-04-24
coming,3560,2020-04-24
full,3559,2020-04-24
sick,3541,2020-04-24
hear,3525,2020-04-24
questions,3525,2020-04-24
chinese,3520,2020-04-24
feel,3488,2020-04-24
others,3476,2020-04-24
das,3467,2020-04-24
wuhan,3463,2020-04-24
told,3461,2020-04-24
you,3446,2020-04-24
united,3441,2020-04-24
cause,3438,2020-04-24
inside,3428,2020-04-24
fuck,3420,2020-04-24
system,3411,2020-04-24
und,3405,2020-04-24
qu,3394,2020-04-24
children,3386,2020-04-24
looking,3359,2020-04-24
muertes,3355,2020-04-24
air,3352,2020-04-24
lost,3351,2020-04-24
officials,3350,2020-04-24
idiot,3350,2020-04-24
contact,3343,2020-04-24
medidas,3338,2020-04-24
lot,3333,2020-04-24
no,3312,2020-04-24
soon,3311,2020-04-24
españa,3303,2020-04-24
dying,3301,2020-04-24
continue,3298,2020-04-24
drug,3291,2020-04-24
info,3287,2020-04-24
reports,3274,2020-04-24
puede,3268,2020-04-24
symptoms,3266,2020-04-24
less,3266,2020-04-24
link,3260,2020-04-24
nhs,3254,2020-04-24
clorox,3239,2020-04-24
lockdownextension,3220,2020-04-24
everything,3183,2020-04-24
least,3182,2020-04-24
billion,3181,2020-04-24
learn,3177,2020-04-24
birx,3175,2020-04-24
mas,3172,2020-04-24
recovery,3169,2020-04-24
gop,3165,2020-04-24
muertos,3148,2020-04-24
revealed,3140,2020-04-24
cómo,3139,2020-04-24
ai,3134,2020-04-24
towards,3134,2020-04-24
aid,3132,2020-04-24
force,3120,2020-04-24
guy,3120,2020-04-24
ppe,3111,2020-04-24
suggested,3111,2020-04-24
mean,3107,2020-04-24
months,3106,2020-04-24
avec,3104,2020-04-24
lungs,3100,2020-04-24
service,3100,2020-04-24
breaking,3098,2020-04-24
self,3093,2020-04-24
question,3089,2020-04-24
nous,3085,2020-04-24
trial,3083,2020-04-24
sign,3069,2020-04-24
is,3067,2020-04-24
nigeria,3060,2020-04-24
restrictions,3059,2020-04-24
la,3049,2020-04-24
cuomo,3048,2020-04-24
gov,3047,2020-04-24
including,3043,2020-04-24
mil,3042,2020-04-24
we,3040,2020-04-24
tv,3021,2020-04-24
ago,3019,2020-04-24
claims,3016,2020-04-24
federal,3015,2020-04-24
pacientes,3011,2020-04-24
makes,3011,2020-04-24
el,2998,2020-04-24
hydroxychloroquine,2992,2020-04-24
hacer,2991,2020-04-24
14,2987,2020-04-24
essential,2979,2020-04-24
web,2975,2020-04-24
quedateencasa,2975,2020-04-24
talking,2972,2020-04-24
population,2966,2020-04-24
hi,2961,2020-04-24
become,2953,2020-04-24
coronaviruspandemic,2950,2020-04-24
police,2943,2020-04-24
yesterday,2940,2020-04-24
18,2939,2020-04-24
recovered,2934,2020-04-24
22,2934,2020-04-24
scientists,2933,2020-04-24
little,2931,2020-04-24
méxico,2927,2020-04-24
measures,2925,2020-04-24
called,2924,2020-04-24
shows,2920,2020-04-24
ou,2918,2020-04-24
school,2909,2020-04-24
on,2904,2020-04-24
millions,2902,2020-04-24
cashless,2898,2020-04-24
patient,2897,2020-04-24
ask,2896,2020-04-24
fund,2882,2020-04-24
left,2881,2020-04-24
abril,2874,2020-04-24
injection,2864,2020-04-24
wait,2859,2020-04-24
homes,2858,2020-04-24
related,2856,2020-04-24
south,2839,2020-04-24
heart,2837,2020-04-24
truth,2837,2020-04-24
africa,2833,2020-04-24
available,2828,2020-04-24
contre,2826,2020-04-24
services,2825,2020-04-24
safety,2823,2020-04-24
wants,2812,2020-04-24
confinement,2809,2020-04-24
hours,2808,2020-04-24
understand,2807,2020-04-24
governor,2805,2020-04-24
en,2799,2020-04-24
ver,2791,2020-04-24
jesus,2789,2020-04-24
normal,2772,2020-04-24
brasil,2770,2020-04-24
infection,2767,2020-04-24
nation,2758,2020-04-24
early,2757,2020-04-24
wow,2756,2020-04-24
key,2756,2020-04-24
sad,2753,2020-04-24
leadership,2752,2020-04-24
women,2749,2020-04-24
whole,2746,2020-04-24
talk,2742,2020-04-24
mr,2742,2020-04-24
personal,2737,2020-04-24
millones,2737,2020-04-24
heat,2736,2020-04-24
lol,2723,2020-04-24
hey,2711,2020-04-24
seems,2704,2020-04-24
ini,2703,2020-04-24
reopen,2702,2020-04-24
kids,2696,2020-04-24
crazy,2692,2020-04-24
yang,2682,2020-04-24
heard,2680,2020-04-24
aux,2678,2020-04-24
desinfectante,2676,2020-04-24
issues,2676,2020-04-24
war,2673,2020-04-24
company,2672,2020-04-24
families,2670,2020-04-24
40,2667,2020-04-24
based,2666,2020-04-24
fighting,2663,2020-04-24
narendramodi,2659,2020-04-24
mayor,2657,2020-04-24
all,2654,2020-04-24
helping,2650,2020-04-24
action,2646,2020-04-24
gates,2643,2020-04-24
etc,2636,2020-04-24
different,2635,2020-04-24
students,2632,2020-04-24
march,2632,2020-04-24
serious,2631,2020-04-24
office,2630,2020-04-24
found,2629,2020-04-24
vote,2628,2020-04-24
staysafe,2624,2020-04-24
for,2623,2020-04-24
seen,2618,2020-04-24
companies,2616,2020-04-24
friends,2615,2020-04-24
suggestion,2614,2020-04-24
días,2614,2020-04-24
stayathome,2610,2020-04-24
front,2605,2020-04-24
remember,2600,2020-04-24
current,2590,2020-04-24
almost,2588,2020-04-24
nursing,2585,2020-04-24
sarcastic,2564,2020-04-24
warning,2562,2020-04-24
ok,2561,2020-04-24
anti,2560,2020-04-24
het,2559,2020-04-24
line,2556,2020-04-24
according,2552,2020-04-24
tweet,2551,2020-04-24
worse,2539,2020-04-24
dies,2536,2020-04-24
coronavírus,2535,2020-04-24
gracias,2534,2020-04-24
closed,2532,2020-04-24
nytimes,2530,2020-04-24
dettol,2522,2020-04-24
mental,2514,2020-04-24
पर,2514,2020-04-24
fda,2513,2020-04-24
hace,2513,2020-04-24
party,2509,2020-04-24
00,2509,2020-04-24
spoke,2502,2020-04-24
results,2500,2020-04-24
market,2497,2020-04-24
moment,2494,2020-04-24
able,2493,2020-04-24
wo,2486,2020-04-24
words,2485,2020-04-24
sir,2483,2020-04-24
21,2476,2020-04-24
minister,2468,2020-04-24
despite,2465,2020-04-24
second,2463,2020-04-24
fallecidos,2460,2020-04-24
blood,2454,2020-04-24
allah,2453,2020-04-24
trust,2450,2020-04-24
likely,2447,2020-04-24
travel,2447,2020-04-24
menos,2446,2020-04-24
रह,2444,2020-04-24
interesting,2443,2020-04-24
asked,2438,2020-04-24
nuevo,2438,2020-04-24
bring,2438,2020-04-24
provide,2434,2020-04-24
foxnews,2433,2020-04-24
needed,2429,2020-04-24
crise,2421,2020-04-24
sense,2412,2020-04-24
aquí,2409,2020-04-24
looks,2401,2020-04-24
means,2398,2020-04-24
sont,2394,2020-04-24
13,2392,2020-04-24
reason,2385,2020-04-24
morning,2384,2020-04-24
probably,2380,2020-04-24
poor,2372,2020-04-24
caso,2370,2020-04-24
webinar,2364,2020-04-24
living,2358,2020-04-24
msnbc,2352,2020-04-24
seriously,2350,2020-04-24
black,2340,2020-04-24
ça,2340,2020-04-24
europe,2336,2020-04-24
instead,2336,2020-04-24
political,2332,2020-04-24
else,2328,2020-04-24
industry,2328,2020-04-24
course,2327,2020-04-24
residents,2324,2020-04-24
thinking,2320,2020-04-24
pruebas,2318,2020-04-24
calls,2314,2020-04-24
killed,2305,2020-04-24
hands,2303,2020-04-24
comment,2299,2020-04-24
set,2298,2020-04-24
happy,2294,2020-04-24
visit,2293,2020-04-24
products,2290,2020-04-24
members,2289,2020-04-24
scientific,2286,2020-04-24
ways,2282,2020-04-24
low,2282,2020-04-24
democrats,2280,2020-04-24
three,2280,2020-04-24
financial,2276,2020-04-24
un,2274,2020-04-24
happen,2273,2020-04-24
prevent,2272,2020-04-24
digital,2268,2020-04-24
cdc,2265,2020-04-24
close,2265,2020-04-24
efforts,2263,2020-04-24
australia,2259,2020-04-24
georgia,2259,2020-04-24
given,2258,2020-04-24
gets,2256,2020-04-24
website,2255,2020-04-24
problem,2254,2020-04-24
cada,2254,2020-04-24
education,2252,2020-04-24
2019,2247,2020-04-24
access,2240,2020-04-24
suggesting,2239,2020-04-24
canada,2237,2020-04-24
dice,2234,2020-04-24
maga,2232,2020-04-24
cleaning,2231,2020-04-24
wonder,2225,2020-04-24
increase,2220,2020-04-24
reporting,2217,2020-04-24
clean,2216,2020-04-24
vida,2215,2020-04-24
dumb,2214,2020-04-24
act,2212,2020-04-24
virtual,2212,2020-04-24
head,2211,2020-04-24
asking,2207,2020-04-24
lead,2203,2020-04-24
general,2202,2020-04-24
power,2202,2020-04-24
uma,2199,2020-04-24
17,2196,2020-04-24
vez,2186,2020-04-24
affected,2185,2020-04-24
whitehouse,2184,2020-04-24
giving,2180,2020-04-24
fox,2175,2020-04-24
taken,2174,2020-04-24
spreading,2172,2020-04-24
kills,2169,2020-04-24
following,2165,2020-04-24
argentina,2165,2020-04-24
single,2162,2020-04-24
issue,2161,2020-04-24
resources,2161,2020-04-24
facebook,2160,2020-04-24
cancer,2159,2020-04-24
italy,2155,2020-04-24
que,2155,2020-04-24
warns,2150,2020-04-24
wrote,2145,2020-04-24
confirmados,2143,2020-04-24
behind,2142,2020-04-24
plans,2141,2020-04-24
law,2140,2020-04-24
demand,2140,2020-04-24
task,2135,2020-04-24
vulnerable,2135,2020-04-24
chief,2134,2020-04-24
special,2133,2020-04-24
contagiados,2131,2020-04-24
worst,2126,2020-04-24
sector,2126,2020-04-24
500,2120,2020-04-24
killing,2112,2020-04-24
treatments,2108,2020-04-24
young,2106,2020-04-24
deal,2106,2020-04-24
mind,2100,2020-04-24
run,2098,2020-04-24
bible,2097,2020-04-24
outside,2094,2020-04-24
especially,2092,2020-04-24
médicos,2092,2020-04-24
blog,2089,2020-04-24
mal,2089,2020-04-24
amazing,2089,2020-04-24
shut,2088,2020-04-24
citizens,2087,2020-04-24
whether,2086,2020-04-24
años,2081,2020-04-24
night,2074,2020-04-24
potential,2073,2020-04-24
absolutely,2068,2020-04-24
mejor,2068,2020-04-24
technology,2068,2020-04-24
at,2066,2020-04-24
número,2066,2020-04-24
lies,2065,2020-04-24
venezuela,2065,2020-04-24
california,2064,2020-04-24
ready,2063,2020-04-24
that,2061,2020-04-24
official,2060,2020-04-24
level,2057,2020-04-24
60,2055,2020-04-24
gon,2054,2020-04-24
cut,2050,2020-04-24
infections,2042,2020-04-24
ist,2041,2020-04-24
though,2037,2020-04-24
administration,2035,2020-04-24
200,2032,2020-04-24
security,2031,2020-04-24
और,2029,2020-04-24
thread,2026,2020-04-24
donate,2022,2020-04-24
reopening,2021,2020-04-24
came,2019,2020-04-24
proud,2015,2020-04-24
works,2010,2020-04-24
leave,2007,2020-04-24
briefings,2006,2020-04-24
started,2005,2020-04-24
international,2004,2020-04-24
communities,2001,2020-04-24
beat,2000,2020-04-24
kind,1999,2020-04-24
dear,1997,2020-04-24
chloroquine,1997,2020-04-24
release,1990,2020-04-24
fear,1989,2020-04-24
situación,1985,2020-04-24
clear,1981,2020-04-24
guys,1980,2020-04-24
employees,1980,2020-04-24
contagios,1976,2020-04-24
thousands,1976,2020-04-24
injected,1975,2020-04-24
rest,1975,2020-04-24
message,1973,2020-04-24
ny,1971,2020-04-24
nyc,1966,2020-04-24
ecuador,1966,2020-04-24
rise,1965,2020-04-24
sorry,1963,2020-04-24
move,1959,2020-04-24
16,1959,2020-04-24
past,1951,2020-04-24
tan,1950,2020-04-24
woman,1950,2020-04-24
novel,1949,2020-04-24
list,1949,2020-04-24
wtf,1947,2020-04-24
view,1947,2020-04-24
term,1939,2020-04-24
tax,1936,2020-04-24
pmoindia,1934,2020-04-24
28,1933,2020-04-24
nearly,1928,2020-04-24
within,1926,2020-04-24
comes,1924,2020-04-24
drinking,1917,2020-04-24
vacuna,1917,2020-04-24
jobs,1915,2020-04-24
knows,1912,2020-04-24
return,1911,2020-04-24
caused,1908,2020-04-24
actual,1908,2020-04-24
moron,1907,2020-04-24
goes,1905,2020-04-24
hell,1905,2020-04-24
ahead,1905,2020-04-24
stand,1904,2020-04-24
im,1904,2020-04-24
masques,1904,2020-04-24
took,1904,2020-04-24
muslims,1903,2020-04-24
27,1903,2020-04-24
immunity,1899,2020-04-24
hand,1898,2020-04-24
effective,1898,2020-04-24
ont,1895,2020-04-24
facts,1891,2020-04-24
tips,1889,2020-04-24
den,1888,2020-04-24
suggest,1886,2020-04-24
ils,1881,2020-04-24
florida,1880,2020-04-24
name,1876,2020-04-24
socialdistancing,1876,2020-04-24
telling,1874,2020-04-24
critical,1872,2020-04-24
bolsonaro,1871,2020-04-24
pra,1871,2020-04-24
después,1870,2020-04-24
buy,1870,2020-04-24
parte,1870,2020-04-24
ng,1867,2020-04-24
huge,1867,2020-04-24
fauci,1866,2020-04-24
cash,1865,2020-04-24
joke,1864,2020-04-24
healthy,1863,2020-04-24
funds,1863,2020-04-24
información,1859,2020-04-24
horas,1858,2020-04-24
salir,1858,2020-04-24
among,1855,2020-04-24
favor,1854,2020-04-24
ramadanmubarak,1853,2020-04-24
cas,1852,2020-04-24
80,1850,2020-04-24
pakistan,1849,2020-04-24
worth,1845,2020-04-24
coronavirusoutbreak,1844,2020-04-24
vaccines,1844,2020-04-24
frente,1842,2020-04-24
mit,1842,2020-04-24
common,1840,2020-04-24
forward,1835,2020-04-24
evidence,1832,2020-04-24
word,1829,2020-04-24
literally,1828,2020-04-24
reuters,1828,2020-04-24
italia,1819,2020-04-24
hold,1818,2020-04-24
datos,1817,2020-04-24
agree,1812,2020-04-24
trabajo,1807,2020-04-24
ass,1805,2020-04-24
imagine,1803,2020-04-24
guess,1802,2020-04-24
thursday,1801,2020-04-24
fait,1801,2020-04-24
medicine,1800,2020-04-24
sars,1799,2020-04-24
count,1799,2020-04-24
untuk,1798,2020-04-24
up,1797,2020-04-24
men,1796,2020-04-24
yg,1795,2020-04-24
drugs,1795,2020-04-24
sun,1794,2020-04-24
details,1793,2020-04-24
injections,1790,2020-04-24
tracing,1789,2020-04-24
tras,1789,2020-04-24
date,1787,2020-04-24
peddling,1787,2020-04-24
positivos,1783,2020-04-24
thinks,1782,2020-04-24
break,1782,2020-04-24
washington,1782,2020-04-24
26,1781,2020-04-24
fall,1780,2020-04-24
funding,1775,2020-04-24
ventilators,1775,2020-04-24
short,1774,2020-04-24
effects,1774,2020-04-24
half,1773,2020-04-24
san,1772,2020-04-24
deadly,1771,2020-04-24
minutes,1769,2020-04-24
statement,1769,2020-04-24
pa,1766,2020-04-24
unemployment,1765,2020-04-24
tem,1765,2020-04-24
area,1765,2020-04-24
supporters,1765,2020-04-24
nurses,1764,2020-04-24
reality,1764,2020-04-24
matter,1763,2020-04-24
tech,1760,2020-04-24
congress,1758,2020-04-24
now,1755,2020-04-24
contagio,1754,2020-04-24
policy,1754,2020-04-24
knew,1753,2020-04-24
play,1753,2020-04-24
age,1751,2020-04-24
faire,1750,2020-04-24
director,1748,2020-04-24
source,1748,2020-04-24
ones,1748,2020-04-24
hate,1746,2020-04-24
vamos,1745,2020-04-24
higher,1742,2020-04-24
stimulus,1740,2020-04-24
dia,1740,2020-04-24
guardian,1740,2020-04-24
alone,1739,2020-04-24
monde,1738,2020-04-24
tener,1736,2020-04-24
program,1735,2020-04-24
longer,1734,2020-04-24
tiempos,1734,2020-04-24
survey,1733,2020-04-24
republicans,1732,2020-04-24
coronavirus,324292,2020-05-14
covid,251465,2020-05-14
19,235946,2020-05-14
covid19,221434,2020-05-14
nan,68760,2020-05-14
amp,50677,2020-05-14
people,48117,2020-05-14
new,41988,2020-05-14
pandemic,40692,2020-05-14
via,39478,2020-05-14
trump,35556,2020-05-14
us,34502,2020-05-14
cases,34116,2020-05-14
virus,30185,2020-05-14
may,27872,2020-05-14
health,27150,2020-05-14
news,26792,2020-05-14
like,26439,2020-05-14
get,25472,2020-05-14
deaths,23630,2020-05-14
one,23287,2020-05-14
lockdown,21127,2020-05-14
time,21085,2020-05-14
000,20706,2020-05-14
crisis,20135,2020-05-14
world,19888,2020-05-14
china,19360,2020-05-14
go,18427,2020-05-14
2020,18149,2020-05-14
help,18068,2020-05-14
would,18060,2020-05-14
di,17945,2020-05-14
realdonaldtrump,17914,2020-05-14
need,17816,2020-05-14
could,17063,2020-05-14
home,16941,2020-05-14
know,16462,2020-05-14
si,16437,2020-05-14
casos,16410,2020-05-14
test,16106,2020-05-14
vaccine,16017,2020-05-14
says,15464,2020-05-14
work,15233,2020-05-14
see,15169,2020-05-14
today,15163,2020-05-14
14,15086,2020-05-14
back,14755,2020-05-14
da,14751,2020-05-14
government,14724,2020-05-14
state,14578,2020-05-14
et,14524,2020-05-14
many,14042,2020-05-14
death,13680,2020-05-14
due,13548,2020-05-14
going,13241,2020-05-14
please,13232,2020-05-14
good,13176,2020-05-14
testing,13127,2020-05-14
care,12865,2020-05-14
take,12855,2020-05-14
first,12704,2020-05-14
live,12580,2020-05-14
still,12526,2020-05-14
day,12350,2020-05-14
die,12306,2020-05-14
il,12303,2020-05-14
even,12274,2020-05-14
des,12163,2020-05-14
pandemia,12085,2020-05-14
corona,12046,2020-05-14
read,12030,2020-05-14
re,12024,2020-05-14
the,11888,2020-05-14
response,11809,2020-05-14
total,11694,2020-05-14
na,11637,2020-05-14
make,11617,2020-05-14
covidー19,11404,2020-05-14
patients,11369,2020-05-14
right,11366,2020-05-14
10,11333,2020-05-14
think,11253,2020-05-14
support,11224,2020-05-14
stay,11200,2020-05-14
never,11139,2020-05-14
per,11115,2020-05-14
social,11027,2020-05-14
du,10968,2020-05-14
dr,10962,2020-05-14
want,10890,2020-05-14
country,10879,2020-05-14
said,10778,2020-05-14
also,10737,2020-05-14
positive,10731,2020-05-14
public,10372,2020-05-14
spread,10333,2020-05-14
uk,10315,2020-05-14
well,10272,2020-05-14
way,10202,2020-05-14
say,9983,2020-05-14
let,9887,2020-05-14
times,9866,2020-05-14
business,9763,2020-05-14
est,9729,2020-05-14
em,9649,2020-05-14
year,9595,2020-05-14
great,9512,2020-05-14
baksosbersamatnipolri,9459,2020-05-14
million,9436,2020-05-14
pour,9432,2020-05-14
children,9377,2020-05-14
global,9301,2020-05-14
workers,9228,2020-05-14
really,9072,2020-05-14
keep,9024,2020-05-14
plan,8939,2020-05-14
economy,8904,2020-05-14
must,8801,2020-05-14
much,8735,2020-05-14
india,8624,2020-05-14
dan,8531,2020-05-14
data,8514,2020-05-14
hospital,8483,2020-05-14
president,8456,2020-05-14
com,8404,2020-05-14
away,8369,2020-05-14
life,8354,2020-05-14
latest,8318,2020-05-14
open,8297,2020-05-14
true,8256,2020-05-14
last,8180,2020-05-14
não,8160,2020-05-14
post,8100,2020-05-14
states,8002,2020-05-14
americans,7949,2020-05-14
look,7922,2020-05-14
safe,7892,2020-05-14
tests,7859,2020-05-14
daily,7808,2020-05-14
mask,7777,2020-05-14
number,7656,2020-05-14
every,7640,2020-05-14
20,7621,2020-05-14
fight,7617,2020-05-14
cnn,7579,2020-05-14
gt,7546,2020-05-14
face,7533,2020-05-14
two,7517,2020-05-14
come,7505,2020-05-14
video,7501,2020-05-14
stop,7479,2020-05-14
america,7468,2020-05-14
100,7436,2020-05-14
to,7426,2020-05-14
got,7413,2020-05-14
days,7411,2020-05-14
risk,7406,2020-05-14
use,7382,2020-05-14
since,7358,2020-05-14
youtube,7319,2020-05-14
another,7313,2020-05-14
outbreak,7298,2020-05-14
thank,7289,2020-05-14
free,7267,2020-05-14
masks,7232,2020-05-14
13,7225,2020-05-14
update,7171,2020-05-14
covid_19,7139,2020-05-14
salud,7137,2020-05-14
twitter,7127,2020-05-14
vía,7109,2020-05-14
impact,7086,2020-05-14
amid,7073,2020-05-14
15,7057,2020-05-14
everyone,6962,2020-05-14
money,6938,2020-05-14
lives,6935,2020-05-14
working,6906,2020-05-14
24,6903,2020-05-14
gobierno,6821,2020-05-14
next,6810,2020-05-14
long,6788,2020-05-14
mais,6787,2020-05-14
died,6777,2020-05-14
real,6774,2020-05-14
week,6747,2020-05-14
house,6709,2020-05-14
une,6688,2020-05-14
thanks,6653,2020-05-14
yang,6598,2020-05-14
disease,6538,2020-05-14
pas,6500,2020-05-14
case,6492,2020-05-14
in,6438,2020-05-14
non,6436,2020-05-14
watch,6423,2020-05-14
years,6412,2020-05-14
ser,6380,2020-05-14
medical,6375,2020-05-14
made,6357,2020-05-14
usa,6353,2020-05-14
app,6347,2020-05-14
hope,6301,2020-05-14
article,6301,2020-05-14
getting,6284,2020-05-14
eu,6283,2020-05-14
30,6248,2020-05-14
bill,6245,2020-05-14
au,6241,2020-05-14
better,6227,2020-05-14
país,6136,2020-05-14
find,6133,2020-05-14
around,6109,2020-05-14
mundo,6092,2020-05-14
businesses,6072,2020-05-14
confirmed,6045,2020-05-14
check,5993,2020-05-14
end,5970,2020-05-14
without,5937,2020-05-14
online,5935,2020-05-14
food,5908,2020-05-14
media,5880,2020-05-14
updates,5868,2020-05-14
man,5865,2020-05-14
homes,5836,2020-05-14
tested,5802,2020-05-14
research,5799,2020-05-14
give,5797,2020-05-14
part,5790,2020-05-14
family,5765,2020-05-14
county,5734,2020-05-14
ca,5720,2020-05-14
ve,5718,2020-05-14
best,5709,2020-05-14
gente,5693,2020-05-14
community,5659,2020-05-14
relief,5647,2020-05-14
job,5646,2020-05-14
polri,5616,2020-05-14
personas,5605,2020-05-14
weeks,5590,2020-05-14
study,5576,2020-05-14
numbers,5550,2020-05-14
11,5543,2020-05-14
flu,5539,2020-05-14
countries,5480,2020-05-14
already,5467,2020-05-14
dans,5454,2020-05-14
love,5427,2020-05-14
months,5421,2020-05-14
sur,5418,2020-05-14
school,5407,2020-05-14
done,5392,2020-05-14
show,5374,2020-05-14
report,5363,2020-05-14
put,5360,2020-05-14
big,5353,2020-05-14
thing,5352,2020-05-14
information,5346,2020-05-14
future,5322,2020-05-14
fauci,5313,2020-05-14
pandemi,5308,2020-05-14
needs,5296,2020-05-14
yet,5277,2020-05-14
12,5270,2020-05-14
ne,5260,2020-05-14
quarantine,5249,2020-05-14
economic,5244,2020-05-14
brasil,5233,2020-05-14
cuarentena,5215,2020-05-14
call,5207,2020-05-14
and,5206,2020-05-14
order,5182,2020-05-14
va,5169,2020-05-14
join,5168,2020-05-14
reopen,5167,2020-05-14
reopening,5166,2020-05-14
hoy,5133,2020-05-14
top,5117,2020-05-14
city,5100,2020-05-14
old,5086,2020-05-14
um,5079,2020-05-14
pay,5067,2020-05-14
change,5062,2020-05-14
plus,5058,2020-05-14
warns,5028,2020-05-14
ever,5028,2020-05-14
story,5014,2020-05-14
infected,5005,2020-05-14
untuk,4969,2020-05-14
high,4942,2020-05-14
far,4941,2020-05-14
rate,4931,2020-05-14
dos,4913,2020-05-14
important,4885,2020-05-14
oms,4881,2020-05-14
person,4875,2020-05-14
qui,4873,2020-05-14
things,4863,2020-05-14
protect,4829,2020-05-14
mil,4802,2020-05-14
sure,4793,2020-05-14
start,4790,2020-05-14
trying,4780,2020-05-14
de,4769,2020-05-14
anyone,4758,2020-05-14
nursing,4747,2020-05-14
solo,4735,2020-05-14
local,4722,2020-05-14
distancing,4717,2020-05-14
control,4710,2020-05-14
something,4706,2020-05-14
might,4694,2020-05-14
ahora,4693,2020-05-14
yes,4668,2020-05-14
hit,4667,2020-05-14
contact,4663,2020-05-14
american,4662,2020-05-14
masyarakat,4652,2020-05-14
god,4646,2020-05-14
staff,4645,2020-05-14
making,4645,2020-05-14
science,4644,2020-05-14
reported,4634,2020-05-14
york,4623,2020-05-14
of,4622,2020-05-14
believe,4606,2020-05-14
día,4591,2020-05-14
national,4587,2020-05-14
mental,4571,2020-05-14
travel,4568,2020-05-14
muertes,4565,2020-05-14
minister,4548,2020-05-14
toll,4542,2020-05-14
bad,4532,2020-05-14
france,4529,2020-05-14
dead,4528,2020-05-14
href,4511,2020-05-14
rel,4508,2020-05-14
nofollow,4500,2020-05-14
tell,4500,2020-05-14
kids,4489,2020-05-14
team,4467,2020-05-14
continue,4465,2020-05-14
tni,4463,2020-05-14
nothing,4462,2020-05-14
doctors,4454,2020-05-14
bbc,4450,2020-05-14
full,4448,2020-05-14
05,4439,2020-05-14
place,4414,2020-05-14
medidas,4409,2020-05-14
learn,4407,2020-05-14
der,4401,2020-05-14
nuevos,4391,2020-05-14
gop,4377,2020-05-14
50,4367,2020-05-14
expert,4366,2020-05-14
normal,4346,2020-05-14
par,4345,2020-05-14
mas,4312,2020-05-14
healthcare,4306,2020-05-14
safety,4294,2020-05-14
shows,4290,2020-05-14
this,4286,2020-05-14
casa,4286,2020-05-14
using,4283,2020-05-14
others,4279,2020-05-14
white,4272,2020-05-14
bright,4271,2020-05-14
less,4261,2020-05-14
schools,4244,2020-05-14
experts,4230,2020-05-14
ini,4221,2020-05-14
share,4219,2020-05-14
sick,4216,2020-05-14
coming,4209,2020-05-14
stayhome,4207,2020-05-14
save,4203,2020-05-14
españa,4203,2020-05-14
lost,4199,2020-05-14
reports,4198,2020-05-14
link,4197,2020-05-14
related,4191,2020-05-14
gov,4180,2020-05-14
कर,4173,2020-05-14
coronavírus,4173,2020-05-14
across,4168,2020-05-14
used,4155,2020-05-14
restrictions,4150,2020-05-14
someone,4140,2020-05-14
pm,4124,2020-05-14
population,4100,2020-05-14
system,4099,2020-05-14
together,4081,2020-05-14
van,4074,2020-05-14
ce,4070,2020-05-14
symptoms,4067,2020-05-14
become,4025,2020-05-14
soon,4023,2020-05-14
stock,4015,2020-05-14
oh,4008,2020-05-14
taking,4004,2020-05-14
human,3988,2020-05-14
it,3987,2020-05-14
enough,3983,2020-05-14
sosial,3981,2020-05-14
hard,3980,2020-05-14
emergency,3977,2020-05-14
follow,3973,2020-05-14
puede,3971,2020-05-14
infection,3964,2020-05-14
rt,3962,2020-05-14
always,3958,2020-05-14
govt,3952,2020-05-14
ll,3941,2020-05-14
así,3929,2020-05-14
bien,3925,2020-05-14
situation,3922,2020-05-14
recovery,3920,2020-05-14
fallecidos,3909,2020-05-14
market,3877,2020-05-14
webinar,3866,2020-05-14
che,3844,2020-05-14
shit,3843,2020-05-14
wrong,3822,2020-05-14
including,3812,2020-05-14
point,3802,2020-05-14
info,3792,2020-05-14
thursday,3777,2020-05-14
das,3775,2020-05-14
18,3772,2020-05-14
breaking,3763,2020-05-14
contagios,3761,2020-05-14
behind,3761,2020-05-14
presidente,3746,2020-05-14
no,3745,2020-05-14
web,3745,2020-05-14
lot,3742,2020-05-14
everything,3741,2020-05-14
300,3736,2020-05-14
industry,3724,2020-05-14
second,3719,2020-05-14
looking,3715,2020-05-14
nhs,3713,2020-05-14
la,3710,2020-05-14
sign,3708,2020-05-14
je,3691,2020-05-14
possible,3690,2020-05-14
feel,3673,2020-05-14
treatment,3662,2020-05-14
services,3662,2020-05-14
saying,3655,2020-05-14
democrats,3655,2020-05-14
mayo,3653,2020-05-14
measures,3643,2020-05-14
federal,3642,2020-05-14
sa,3641,2020-05-14
cause,3622,2020-05-14
chinese,3620,2020-05-14
cdc,3615,2020-05-14
muertos,3596,2020-05-14
texas,3579,2020-05-14
el,3544,2020-05-14
leaders,3528,2020-05-14
available,3514,2020-05-14
hospitals,3509,2020-05-14
actually,3499,2020-05-14
personal,3494,2020-05-14
is,3493,2020-05-14
small,3491,2020-05-14
likely,3484,2020-05-14
obama,3477,2020-05-14
least,3475,2020-05-14
return,3471,2020-05-14
officials,3466,2020-05-14
administration,3464,2020-05-14
truth,3460,2020-05-14
terdampak,3458,2020-05-14
thread,3450,2020-05-14
air,3444,2020-05-14
uma,3444,2020-05-14
left,3442,2020-05-14
ppe,3441,2020-05-14
coronaviruspandemic,3440,2020-05-14
maybe,3437,2020-05-14
anything,3434,2020-05-14
interesting,3427,2020-05-14
ver,3421,2020-05-14
ai,3419,2020-05-14
fbi,3411,2020-05-14
mean,3404,2020-05-14
found,3403,2020-05-14
thought,3395,2020-05-14
und,3392,2020-05-14
unemployment,3377,2020-05-14
pacientes,3368,2020-05-14
wear,3366,2020-05-14
hacer,3357,2020-05-14
fear,3349,2020-05-14
méxico,3349,2020-05-14
south,3343,2020-05-14
wuhan,3340,2020-05-14
families,3330,2020-05-14
obamagate,3326,2020-05-14
wisconsin,3326,2020-05-14
doctor,3312,2020-05-14
fuck,3309,2020-05-14
self,3306,2020-05-14
early,3297,2020-05-14
students,3297,2020-05-14
march,3283,2020-05-14
talk,3280,2020-05-14
on,3273,2020-05-14
cómo,3271,2020-05-14
little,3265,2020-05-14
told,3264,2020-05-14
police,3264,2020-05-14
idea,3263,2020-05-14
visit,3262,2020-05-14
días,3258,2020-05-14
governor,3253,2020-05-14
based,3242,2020-05-14
increase,3242,2020-05-14
recovered,3241,2020-05-14
talking,3232,2020-05-14
vida,3221,2020-05-14
linked,3218,2020-05-14
claims,3217,2020-05-14
seen,3213,2020-05-14
makes,3209,2020-05-14
dying,3208,2020-05-14
wait,3205,2020-05-14
you,3198,2020-05-14
etc,3195,2020-05-14
ready,3182,2020-05-14
act,3182,2020-05-14
cure,3177,2020-05-14
education,3177,2020-05-14
jobs,3177,2020-05-14
we,3169,2020-05-14
month,3166,2020-05-14
nuevo,3156,2020-05-14
united,3151,2020-05-14
hours,3144,2020-05-14
antibody,3129,2020-05-14
nation,3119,2020-05-14
official,3118,2020-05-14
virtual,3117,2020-05-14
ou,3116,2020-05-14
kill,3116,2020-05-14
quedateencasa,3108,2020-05-14
issues,3100,2020-05-14
avec,3086,2020-05-14
hear,3083,2020-05-14
mayor,3082,2020-05-14
sector,3073,2020-05-14
tem,3067,2020-05-14
vous,3066,2020-05-14
understand,3058,2020-05-14
millions,3052,2020-05-14
16,3047,2020-05-14
25,3045,2020-05-14
low,3042,2020-05-14
menos,3029,2020-05-14
different,3024,2020-05-14
action,3024,2020-05-14
question,3023,2020-05-14
england,3023,2020-05-14
bantuan,3021,2020-05-14
despite,3021,2020-05-14
en,3018,2020-05-14
vacuna,3017,2020-05-14
questions,3015,2020-05-14
200,3013,2020-05-14
at,3010,2020-05-14
women,3007,2020-05-14
dengan,2999,2020-05-14
black,2997,2020-05-14
aquí,2991,2020-05-14
vote,2989,2020-05-14
company,2986,2020-05-14
current,2983,2020-05-14
00,2978,2020-05-14
donald,2977,2020-05-14
listen,2966,2020-05-14
given,2966,2020-05-14
gracias,2965,2020-05-14
affected,2962,2020-05-14
sanofi,2960,2020-05-14
500,2949,2020-05-14
fake,2943,2020-05-14
bolsonaro,2938,2020-05-14
court,2931,2020-05-14
provide,2925,2020-05-14
companies,2923,2020-05-14
nunca,2922,2020-05-14
child,2920,2020-05-14
ago,2919,2020-05-14
results,2915,2020-05-14
for,2911,2020-05-14
power,2905,2020-05-14
congress,2897,2020-05-14
according,2890,2020-05-14
greta,2889,2020-05-14
yg,2885,2020-05-14
plans,2885,2020-05-14
canada,2880,2020-05-14
immunity,2875,2020-05-14
60,2866,2020-05-14
infections,2865,2020-05-14
fact,2862,2020-05-14
opening,2859,2020-05-14
ask,2857,2020-05-14
political,2843,2020-05-14
key,2839,2020-05-14
leadership,2839,2020-05-14
access,2833,2020-05-14
law,2832,2020-05-14
called,2830,2020-05-14
sars,2829,2020-05-14
europe,2829,2020-05-14
able,2824,2020-05-14
set,2823,2020-05-14
40,2821,2020-05-14
three,2818,2020-05-14
instead,2818,2020-05-14
friends,2818,2020-05-14
wants,2817,2020-05-14
digital,2801,2020-05-14
confirmados,2800,2020-05-14
remember,2798,2020-05-14
essential,2798,2020-05-14
service,2796,2020-05-14
residents,2791,2020-05-14
potus,2788,2020-05-14
history,2784,2020-05-14
closed,2768,2020-05-14
sales,2768,2020-05-14
almost,2766,2020-05-14
communities,2761,2020-05-14
society,2761,2020-05-14
contre,2751,2020-05-14
horas,2746,2020-05-14
play,2742,2020-05-14
whole,2741,2020-05-14
war,2738,2020-05-14
thousands,2737,2020-05-14
party,2731,2020-05-14
caso,2730,2020-05-14
qu,2726,2020-05-14
que,2722,2020-05-14
republicans,2721,2020-05-14
17,2714,2020-05-14
needed,2713,2020-05-14
africa,2711,2020-05-14
pra,2708,2020-05-14
drug,2705,2020-05-14
caused,2704,2020-05-14
leave,2704,2020-05-14
anti,2703,2020-05-14
hace,2701,2020-05-14
nous,2701,2020-05-14
financial,2690,2020-05-14
tracing,2689,2020-05-14
april,2689,2020-05-14
guidance,2683,2020-05-14
staysafe,2682,2020-05-14
looks,2677,2020-05-14
fund,2673,2020-05-14
wo,2670,2020-05-14
patient,2668,2020-05-14
means,2663,2020-05-14
line,2653,2020-05-14
21,2653,2020-05-14
stupid,2651,2020-05-14
fall,2646,2020-05-14
fucking,2644,2020-05-14
het,2643,2020-05-14
california,2638,2020-05-14
living,2616,2020-05-14
seems,2613,2020-05-14
level3lockdown,2613,2020-05-14
release,2610,2020-05-14
policy,2606,2020-05-14
años,2605,2020-05-14
general,2604,2020-05-14
try,2603,2020-05-14
shut,2599,2020-05-14
vez,2598,2020-05-14
light,2594,2020-05-14
close,2591,2020-05-14
past,2587,2020-05-14
problem,2586,2020-05-14
advice,2567,2020-05-14
cada,2565,2020-05-14
cut,2557,2020-05-14
wearing,2554,2020-05-14
else,2553,2020-05-14
employees,2548,2020-05-14
worse,2548,2020-05-14
chief,2542,2020-05-14
tweet,2540,2020-05-14
course,2540,2020-05-14
nigeria,2538,2020-05-14
office,2537,2020-05-14
gates,2534,2020-05-14
whistleblower,2533,2020-05-14
taken,2530,2020-05-14
run,2529,2020-05-14
número,2526,2020-05-14
podría,2522,2020-05-14
dalam,2520,2020-05-14
85,2520,2020-05-14
program,2516,2020-05-14
group,2515,2020-05-14
hi,2508,2020-05-14
argentina,2507,2020-05-14
crise,2505,2020-05-14
especially,2502,2020-05-14
lol,2501,2020-05-14
80,2491,2020-05-14
warga,2488,2020-05-14
poor,2486,2020-05-14
stimulus,2486,2020-05-14
tax,2485,2020-05-14
move,2484,2020-05-14
27,2484,2020-05-14
scientists,2483,2020-05-14
members,2482,2020-05-14
peduli,2478,2020-05-14
sense,2478,2020-05-14
russia,2477,2020-05-14
rise,2475,2020-05-14
evidence,2475,2020-05-14
ke,2473,2020-05-14
datos,2470,2020-05-14
ways,2469,2020-05-14
force,2467,2020-05-14
calls,2458,2020-05-14
mortes,2457,2020-05-14
wave,2456,2020-05-14
hands,2453,2020-05-14
vaccin,2450,2020-05-14
रह,2445,2020-05-14
wow,2443,2020-05-14
june,2440,2020-05-14
press,2436,2020-05-14
vulnerable,2434,2020-05-14
millones,2432,2020-05-14
contagio,2431,2020-05-14
ao,2430,2020-05-14
trust,2428,2020-05-14
reason,2427,2020-05-14
helping,2420,2020-05-14
started,2415,2020-05-14
pelosi,2413,2020-05-14
panel,2413,2020-05-14
nearly,2412,2020-05-14
survey,2405,2020-05-14
información,2405,2020-05-14
blog,2402,2020-05-14
ok,2401,2020-05-14
tengah,2396,2020-05-14
deal,2396,2020-05-14
investigation,2395,2020-05-14
efforts,2381,2020-05-14
vaccines,2374,2020-05-14
kita,2365,2020-05-14
all,2365,2020-05-14
पर,2361,2020-05-14
sad,2357,2020-05-14
common,2356,2020-05-14
level,2355,2020-05-14
front,2355,2020-05-14
amazon,2354,2020-05-14
yesterday,2354,2020-05-14
parents,2354,2020-05-14
sont,2353,2020-05-14
international,2346,2020-05-14
venezuela,2345,2020-05-14
funding,2344,2020-05-14
frente,2342,2020-05-14
aux,2341,2020-05-14
age,2340,2020-05-14
threat,2339,2020-05-14
ist,2335,2020-05-14
among,2334,2020-05-14
critical,2333,2020-05-14
forward,2333,2020-05-14
young,2332,2020-05-14
wonder,2324,2020-05-14
sir,2322,2020-05-14
pass,2315,2020-05-14
healthy,2311,2020-05-14
that,2310,2020-05-14
prevent,2310,2020-05-14
lead,2307,2020-05-14
probably,2298,2020-05-14
experience,2295,2020-05-14
dia,2294,2020-05-14
florida,2292,2020-05-14
climate,2285,2020-05-14
mejor,2284,2020-05-14
higher,2283,2020-05-14
special,2283,2020-05-14
happen,2282,2020-05-14
dice,2276,2020-05-14
cost,2276,2020-05-14
spreading,2274,2020-05-14
director,2272,2020-05-14
following,2271,2020-05-14
tv,2270,2020-05-14
resources,2267,2020-05-14
term,2264,2020-05-14
military,2261,2020-05-14
failed,2259,2020-05-14
fighting,2258,2020-05-14
morning,2258,2020-05-14
pruebas,2256,2020-05-14
blame,2255,2020-05-14
gets,2253,2020-05-14
happy,2252,2020-05-14
aid,2246,2020-05-14
2019,2246,2020-05-14
co,2246,2020-05-14
citizens,2239,2020-05-14
negative,2231,2020-05-14
gon,2224,2020-05-14
london,2223,2020-05-14
mal,2222,2020-05-14
issue,2219,2020-05-14
demand,2211,2020-05-14
reporting,2205,2020-05-14
tras,2200,2020-05-14
guidelines,2197,2020-05-14
australia,2193,2020-05-14
rick,2192,2020-05-14
japan,2189,2020-05-14
within,2188,2020-05-14
lockdowns,2186,2020-05-14
vai,2180,2020-05-14
chile,2173,2020-05-14
head,2172,2020-05-14
killing,2167,2020-05-14
highest,2166,2020-05-14
buy,2163,2020-05-14
rest,2161,2020-05-14
positivo,2161,2020-05-14
giving,2161,2020-05-14
serious,2161,2020-05-14
ahead,2156,2020-05-14
strategy,2156,2020-05-14
worst,2155,2020-05-14
quickly,2155,2020-05-14
positivos,2155,2020-05-14
madrid,2154,2020-05-14
though,2153,2020-05-14
heart,2152,2020-05-14
comes,2147,2020-05-14
dies,2147,2020-05-14
vamos,2142,2020-05-14
hand,2140,2020-05-14
senator,2137,2020-05-14
un,2134,2020-05-14
parte,2131,2020-05-14
और,2130,2020-05-14
woman,2130,2020-05-14
cas,2127,2020-05-14
details,2123,2020-05-14
rights,2122,2020-05-14
message,2119,2020-05-14
lies,2114,2020-05-14
hey,2105,2020-05-14
san,2103,2020-05-14
36,2100,2020-05-14
stayathome,2099,2020-05-14
half,2096,2020-05-14
tan,2094,2020-05-14
situación,2091,2020-05-14
whitehouse,2090,2020-05-14
thinking,2089,2020-05-14
reality,2089,2020-05-14
rules,2087,2020-05-14
huge,2087,2020-05-14
finally,2086,2020-05-14
amazing,2086,2020-05-14
restaurants,2082,2020-05-14
países,2080,2020-05-14
noticias,2079,2020-05-14
security,2079,2020-05-14
fox,2077,2020-05-14
im,2074,2020-05-14
bring,2072,2020-05-14
siempre,2071,2020-05-14
restaurant,2070,2020-05-14
senate,2070,2020-05-14
learning,2070,2020-05-14
list,2066,2020-05-14
kerala,2062,2020-05-14
name,2059,2020-05-14
mark,2059,2020-05-14
clear,2059,2020-05-14
moment,2058,2020-05-14
bersama,2056,2020-05-14
según,2054,2020-05-14
along,2053,2020-05-14
game,2052,2020-05-14
four,2051,2020-05-14
season,2051,2020-05-14
election,2049,2020-05-14
inside,2048,2020-05-14
handling,2048,2020-05-14
já,2043,2020-05-14
tips,2042,2020-05-14
pa,2042,2020-05-14
ont,2040,2020-05-14
challenges,2039,2020-05-14
hiv,2038,2020-05-14
favor,2038,2020-05-14
dangerous,2037,2020-05-14
só,2036,2020-05-14
isso,2036,2020-05-14
worth,2031,2020-05-14
starting,2028,2020-05-14
opportunity,2025,2020-05-14
record,2023,2020-05-14
website,2023,2020-05-14
result,2022,2020-05-14
killed,2022,2020-05-14
tomorrow,2012,2020-05-14
reuters,2009,2020-05-14
up,2005,2020-05-14
package,2002,2020-05-14
longer,2002,2020-05-14
mind,2001,2020-05-14
hold,2001,2020-05-14
continues,1999,2020-05-14
announced,1999,2020-05-14
todas,1995,2020-05-14
released,1991,2020-05-14
mit,1989,2020-05-14
door,1988,2020-05-14
single,1987,2020-05-14
went,1985,2020-05-14
department,1984,2020-05-14
benefits,1979,2020-05-14
burr,1976,2020-05-14
blood,1974,2020-05-14
coronavirusoutbreak,1972,2020-05-14
bir,1972,2020-05-14
vs,1970,2020-05-14
hell,1966,2020-05-14
hydroxychloroquine,1966,2020-05-14
nacional,1965,2020-05-14
22,1964,2020-05-14
mai,1963,2020-05-14
whether,1962,2020-05-14
novel,1959,2020-05-14
major,1958,2020-05-14
allowed,1957,2020-05-14
ny,1956,2020-05-14
happening,1952,2020-05-14
source,1952,2020-05-14
date,1950,2020-05-14
technology,1949,2020-05-14
not,1949,2020-05-14
mass,1948,2020-05-14
trabajo,1947,2020-05-14
piece,1947,2020-05-14
billion,1941,2020-05-14
class,1939,2020-05-14
seriously,1938,2020-05-14
isolation,1937,2020-05-14
tener,1935,2020-05-14
orders,1935,2020-05-14
nueva,1932,2020-05-14
cancer,1929,2020-05-14
failure,1927,2020-05-14
den,1926,2020-05-14
facebook,1925,2020-05-14
gran,1924,2020-05-14
kind,1922,2020-05-14
últimas,1922,2020-05-14
ones,1916,2020-05-14
university,1915,2020-05-14
guy,1915,2020-05-14
calling,1915,2020-05-14
focus,1914,2020-05-14
wish,1913,2020-05-14
create,1913,2020-05-14
takes,1912,2020-05-14
drive,1911,2020-05-14
sent,1910,2020-05-14
outside,1909,2020-05-14
count,1909,2020-05-14
narendramodi,1909,2020-05-14
active,1909,2020-05-14
came,1908,2020-05-14
cov,1907,2020-05-14
socialdistancing,1902,2020-05-14
